{
    "0": [[94, 143], [0.4009156807415966, 0.3174542733738207, 0.8593540604734475]],
    "1": [[450, 250], [-0.04004811378429623, 0.8476010859237476, 0.5291205417702132]],
    "2": [[400, 400], [-0.09022314522235475, 0.7974472828849194, 0.5966050746395353]],
    "3": [[250, 265], [0.25068504419342147, 0.11569708925263214, 0.9611301640028842]],
    "4": [[380, 360], [-0.8648152394699077, 0.07147190662074678, 0.4969772310122484]]
}
